sigma,K_over_KI,dlnW_dI
1.0,1.005012520859401,-1.3283333335278869
1.0,1.037193997387699,-1.2968143462188664
1.0,1.070405956034425,-1.265295358865437
1.0,1.104681393837345,-1.2337763715120076
1.0,1.1400543644314072,-1.2022573841807827
1.0,1.176560011882008,-1.1707383968273533
1.0,1.2142346056016347,-1.1392194094961283
1.0,1.2531155763845676,-1.107700422142699
1.0,1.2932415535954587,-1.076181434811474
1.0,1.3346524035487142,-1.0446624474580446
1.0,1.377389269116828,-1.0131434600824107
1.0,1.4214946106070108,-0.9816244727955946
1.0,1.4670122479467265,-0.9501054854421652
1.0,1.5139874042200563,-0.9185864980665314
1.0,1.5624667505981324,-0.8870675107353064
1.0,1.6124984527082946,-0.8555485234040815
1.0,1.664132218488023,-0.8240295360728566
1.0,1.7174193475712125,-0.7925105487416316
1.0,1.7724127822558338,-0.7609915613659978
1.0,1.8291671601036306,-0.7294725739903639
1.0,1.8877388682241145,-0.6979535867035479
1.0,1.9481860992967808,-0.6664345993723231
1.0,2.01056890938721,-0.6349156119966892
1.0,2.074949277614506,-0.6033966246432598
1.0,2.1413911677293274,-0.5718776373342394
1.0,2.2099605916637253,-0.54035864998081
1.0,2.2807256751158937,-0.5088396626717895
1.0,2.3537567252350162,-0.47732067529615557
1.0,2.429126300473444,-0.4458016879205217
1.0,2.5069092826756076,-0.4142827006337057
1.0,2.587182951475286,-0.38276371330248077
1.0,2.670027061075153,-0.3512447259268469
1.0,2.7555239194848724,-0.31972573859562203
1.0,2.8437584702964758,-0.2882067512643971
1.0,2.9348183770782716,-0.2566877639553766
1.0,3.0287941104711242,-0.2251687766019472
1.0,3.1257790380736425,-0.19364978922631335
1.0,3.2258695172055796,-0.16213080185067952
1.0,3.329164990641603,-0.1306118145638635
1.0,3.435768085410562,-0.09909282714382071
1.0,3.545784714758391,-0.06757383985700471
1.0,3.659324183375976,-0.03605485252577978
1.0,3.7764992959965107,-0.0045358651945548445
1.0,3.8974264694702505,0.026983122181079008
1.0,4.022225848428009,0.05850210949009948
1.0,4.151021424648305,0.09002109684352887
1.0,4.283941160246775,0.12154008421916272
1.0,4.421117114810209,0.15305907155038767
1.0,4.562685576601566,0.18457805888161258
1.0,4.708787197966294,0.2160970462128375
1.0,4.859567135074462,0.24761603354406245
1.0,5.0151751921376295,0.27913502091969633
1.0,5.175765970243626,0.31065400825092127
1.0,5.3414990209571895,0.3421729955377372
1.0,5.512539004839051,0.3736919829133711
1.0,5.689055855040934,0.4052109703112094
1.0,5.871224946139048,0.43672995762022987
1.0,6.059227268373756,0.4682489449514548
1.0,6.2532496074686525,0.49976793228267974
1.0,6.45348473020748,0.5312869196139047
1.0,6.66013157595355,0.5628059069895386
1.0,6.873395454301699,0.5943248943207635
1.0,7.093488249059293,0.6258438816075795
1.0,7.320628628758896,0.6573628689832134
1.0,7.555042263911755,0.6888818563588471
1.0,7.796962051217962,0.7204008436900721
1.0,8.046628344956005,0.751919831021297
1.0,8.304289195781736,0.7834388183525219
1.0,8.570200597173748,0.8149578056837469
1.0,8.844626739770376,0.8464767931037896
1.0,9.127840273850612,0.8779957803906057
1.0,9.420122580220077,0.9095147676774217
1.0,9.721764049770936,0.9410337550530555
1.0,10.033064371993612,0.9725527424286894
1.0,10.354332832726943,1.0040717297599144
1.0,10.685888621442528,1.0355907170911394
1.0,11.028061148368765,1.0671097044223643
1.0,11.381190371769272,1.0986286917535892
1.0,11.745627135701314,1.130147679173632
1.0,12.121733518589446,1.161666666460448
0.5,1.003338895066876,-3.494325240116502
0.5,1.0246447750128622,-3.4339591829191103
0.5,1.0464030848631454,-3.3733407178049286
0.5,1.0686234319570531,-3.312475832606409
0.5,1.091315627645557,-3.2513706254011505
0.5,1.1144896916234563,-3.190031302469087
0.5,1.1381558563535557,-3.1284641759166116
0.5,1.1623245715847872,-3.0666756619002196
0.5,1.187006508966279,-3.0046722776733144
0.5,1.212212566759398,-2.9424606396100113
0.5,1.2379538746498588,-2.880047460451784
0.5,1.2642417986620147,-2.817439546753952
0.5,1.291087946177501,-2.754643796065714
0.5,1.3185041710604546,-2.6916671941767945
0.5,1.346502578891563,-2.6285168121864544
0.5,1.3750955323132603,-2.565199803661322
0.5,1.404295656488428,-2.501723401304723
0.5,1.4341158446750106,-2.4380949140478947
0.5,1.4645692639190095,-2.3743217237859326
0.5,1.4956693608683658,-2.3104112819138933
0.5,1.527429867710301,-2.2463711061959657
0.5,1.5598648082347388,-2.182208777190553
0.5,1.5929885040264817,-2.1179319347863768
0.5,1.6268155807888773,-2.053548274716377
0.5,1.661360974801772,-1.989065544738544
0.5,1.6966399395165943,-1.9244915412830463
0.5,1.732668052291487,-1.859834105477631
0.5,1.7694612212694598,-1.7951011194172748
0.5,1.8070356924025979,-1.7303005025892657
0.5,1.8454080566254318,-1.6654402075877426
0.5,1.8845952571806313,-1.6005282167608212
0.5,1.9246145971002586,-1.5355725378363159
0.5,1.965483746845897,-1.4705812002802074
0.5,2.007220752110997,-1.405562251211023
0.5,2.049844041788926,-1.3405237514474422
0.5,2.0933724361102075,-1.2754737715114928
0.5,2.137825154952556,-1.2104203876761588
0.5,2.1832218263273786,-1.1453716777243272
0.5,2.229582495046483,-1.080335717351666
0.5,2.276927631572827,-1.0153205757923445
0.5,2.325278141059212,-0.9503343120442763
0.5,2.374655372578908,-0.885384970583658
0.5,2.4250811285523017,-0.8204805777900502
0.5,2.4765776743737096,-0.7556291376831225
0.5,2.529167748242618,-0.6908386281478939
0.5,2.582874571203693,-0.6261169968491131
0.5,2.6377218573999883,-0.5614721576119308
0.5,2.693733824543873,-0.49691198644730145
0.5,2.7509352046103235,-0.43244431762179397
0.5,2.8093512547572774,-0.3680769400826733
0.5,2.8690077684778728,-0.30381759381636897
0.5,2.9299310869895274,-0.23967396589608111
0.5,2.9921481108648464,-0.17565368719552052
0.5,3.0556863119095157,-0.11176432854753669
0.5,3.12057374529243,-0.048013397546675655
0.5,3.186839061933389,0.015591665070147085
0.5,3.2545115211538667,0.0790434887321112
0.5,3.323621003596398,0.14233477629854718
0.5,3.3941980244183236,0.20545830723417421
0.5,3.4662737467656966,0.2684069407399292
0.5,3.5398799955333087,0.3311736190392267
0.5,3.6150492714169107,0.39375136993147203
0.5,3.6918147652638327,0.4561333099228903
0.5,3.770210372728335,0.518312647157515
0.5,3.850270709238171,0.5802826838596786
0.5,3.9320311252789626,0.6420368190429571
0.5,4.015527722003133,0.7035685511525002
0.5,4.100797367170309,0.7648714803298872
0.5,4.187877711426197,0.8259393108112077
0.5,4.276807204927165,0.8867658533695532
0.5,4.367625114317823,0.9473450270025551
0.5,4.460371540069142,1.0076708614636942
0.5,4.555087434184731,1.067737498861021
0.5,4.6518146182831215,1.127539195699967
0.5,4.750595802064019,1.1870703243932468
0.5,4.851474602166686,1.2463253753036696
0.5,4.954495561428786,1.3052989578543617
0.5,5.059704168554189,1.3639858020386695
0.5,5.167146878198402,1.4223807600188818
0.5,5.276871131480574,1.4804788070144068
2.0,1.0083681522074468,-0.1777529488045104
2.0,1.06275541009801,-0.1707509353687797
2.0,1.1200760944503063,-0.16360995567232806
2.0,1.1804884223015646,-0.1563294842243934
2.0,1.2441591442695177,-0.14890911597120748
2.0,1.3112640048188697,-0.14134857180270188
2.0,1.38198822735265,-0.13364770377055635
2.0,1.4565270254674159,-0.12580650041726926
2.0,1.5350861417834718,-0.1178250917499568
2.0,1.6178824158373863,-0.10970375416974319
2.0,1.7051443826043144,-0.10144291531233306
2.0,1.7971129033021664,-0.09304315855551691
2.0,1.8940418302187778,-0.08450522732683652
2.0,1.9961987073971343,-0.0758300291670011
2.0,2.1038655091127056,-0.06701863961566801
2.0,2.2173394181812203,-0.05807230560872511
2.0,2.336933646245182,-0.04899244858691531
2.0,2.462978298303295,-0.03978066731580299
2.0,2.5958212838690713,-0.030438740372673575
2.0,2.7358292772736017,-0.020968627900685988
2.0,2.8833887297631535,-0.011372473207593712
2.0,3.0389069361851577,-0.0016526040758080283
2.0,3.2028131592068863,0.008188467126579724
2.0,3.375559814169902,0.018148042979504453
2.0,3.5576237178506984,0.028223241654856675
2.0,3.7495074045743992,0.03841099787127433
2.0,3.9517405133142423,0.048708064470659444
2.0,4.164881249605556,0.05911101452760192
2.0,4.389517926309392,0.06961624408052813
2.0,4.626270587478648,0.08021997539575665
2.0,4.875792719808908,0.09091826083107434
2.0,5.138773056397942,0.10170698727662851
2.0,5.415937477792616,0.1125818813063617
2.0,5.708051015570509,0.12353851466251341
2.0,6.015919963986539,0.13457231051727803
2.0,6.340394105513186,0.1456785501785518
2.0,6.682369056417237,0.15685238043960936
2.0,7.042788738847383,0.16808882128405145
2.0,7.42264798625611,0.1793827742568865
2.0,7.8229952893473795,0.1907290311242704
2.0,8.244935690129557,0.2021222831993796
2.0,8.689633832061686,0.21355713086812497
2.0,9.158317174712192,0.22502809351454542
2.0,9.65227938180317,0.23652961995690444
2.0,10.172883891991924,0.24805609888378652
2.0,10.721567682245839,0.2596018698453051
2.0,11.299845234198385,0.2711612342443104
2.0,11.909312714434078,0.2827284665052332
2.0,12.551652380241011,0.2942978254427686
2.0,13.228637222991617,0.3058635657637865
2.0,13.942135861968385,0.3174199491251528
2.0,14.694117702142709,0.3289612560131161
2.0,15.486658370143013,0.34048179649026616
2.0,16.321945443416972,0.35197592200830735
2.0,17.202284488401183,0.36343803571092786
2.0,18.130105424365304,0.37486260380248376
2.0,19.107969230495502,0.3862441657176418
2.0,20.138575014731043,0.39757734446865806
2.0,21.224767463864755,0.40885685659297616
2.0,22.369544695471472,0.4200775215679186
2.0,23.5760665333377,0.4312342706036531
2.0,24.84766322923366,0.44232215623551946
2.0,26.187844655102584,0.4533363592074124
2.0,27.600309991038813,0.4642721969538854
2.0,29.088957935795868,0.47512513079439594
2.0,30.657897468007924,0.4858907719729188
2.0,32.311459187827055,0.49656488827487516
2.0,34.05420727028258,0.5071434090453408
2.0,35.89095206335545,0.5176224304292987
2.0,37.8267633655414,0.5279982194572597
2.0,39.86698441955161,0.5382672177312031
2.0,42.01724666077632,0.5484260449328815
2.0,44.283485261220484,0.5584715009110397
2.0,46.67195551181545,0.5684005679018611
2.0,49.18925008832625,0.5782104119056442
2.0,51.84231724851045,0.5878983835305718
2.0,54.63848001075827,0.5974620183923918
2.0,57.585456367149774,0.6068990366703275
2.0,60.69138058672147,0.6162073427962156
2.0,63.964825667745075,0.6253850238557845
